tt7263234	nm0000068
tt7509954	nm0000068
tt7531496	nm0000092
tt8017160	nm0000092
tt4758646	nm0000093
tt6987966	nm0000093
tt6995994	nm0000093
tt6996000	nm0000093
tt6996002	nm0000093
tt7076558	nm0000093
tt7122930	nm0000093
tt6421362	nm0000100
tt6582384	nm0000100
tt7197422	nm0000100
tt6942700	nm0000101
tt6955232	nm0000101
tt6955242	nm0000101
tt6955244	nm0000101
tt8403568	nm0000101
tt1699509	nm0000102
tt5478730	nm0000102
tt6534368	nm0000102
tt6661072	nm0000102
tt6661078	nm0000102
tt6661080	nm0000102
tt6661082	nm0000102
tt6661086	nm0000102
tt6661088	nm0000102
tt2090465	nm0000104
tt3244786	nm0000104
tt3501112	nm0000104
tt3910736	nm0000104
tt5673782	nm0000104
tt6204340	nm0000104
tt6288694	nm0000104
tt3402236	nm0000110
tt6987652	nm0000111
tt0460890	nm0000112
tt3839822	nm0000112
tt5541044	nm0000112
tt5924300	nm0000112
tt5924306	nm0000112
tt5980386	nm0000112
tt5980388	nm0000112
tt6166012	nm0000112
tt6184940	nm0000112
tt6185044	nm0000112
tt6590564	nm0000112
tt6590572	nm0000112
tt3874544	nm0000114
tt4686844	nm0000114
tt5340300	nm0000114
tt5711280	nm0000114
tt6459136	nm0000114
tt6663030	nm0000114
tt6741378	nm0000114
tt10690676	nm0000115
tt3481634	nm0000115
tt5460530	nm0000115
tt5462326	nm0000115
tt5580536	nm0000115
tt6143568	nm0000115
tt7901236	nm0000123
tt4209788	nm0000126
tt7630406	nm0000126
tt2345759	nm0000128
tt7532470	nm0000128
tt2345759	nm0000129
tt3532216	nm0000129
tt3758852	nm0000131
tt5580536	nm0000131
tt7312940	nm0000131
tt1933667	nm0000134
tt1790809	nm0000136
tt6244528	nm0000136
tt7492974	nm0000136
tt7604980	nm0000136
tt10851666	nm0000138
tt10856690	nm0000138
tt7038426	nm0000140
tt8161786	nm0000140
tt6997426	nm0000142
tt6441418	nm0000144
tt3455126	nm0000146
tt4116284	nm0000146
tt6777306	nm0000146
tt4649466	nm0000147
tt1856101	nm0000148
tt5721088	nm0000151
tt5852632	nm0000151
tt6648926	nm0000151
tt5706370	nm0000152
tt5657846	nm0000154
tt7896046	nm0000156
tt4287320	nm0000158
tt6294822	nm0000158
tt7452910	nm0000158
tt7602112	nm0000158
tt5442456	nm0000160
tt6053438	nm0000160
tt5536736	nm0000163
tt3371366	nm0000164
tt1959563	nm0000168
tt2120176	nm0000168
tt2338454	nm0000168
tt3731562	nm0000168
tt7771456	nm0000168
tt5540992	nm0000169
tt5721088	nm0000169
tt6045466	nm0000172
tt5884784	nm0000174
tt8571898	nm0000175
tt6720254	nm0000177
tt1972591	nm0000179
tt6846510	nm0000179
tt7343832	nm0000179
tt7410168	nm0000179
tt7410172	nm0000179
tt7410174	nm0000179
tt7410178	nm0000179
tt7410312	nm0000179
tt4556370	nm0000185
tt4797160	nm0000185
tt5662550	nm0000185
tt6971550	nm0000185
tt5859238	nm0000186
tt6244528	nm0000186
tt0120176	nm0000188
tt6987652	nm0000188
tt1648190	nm0000190
tt2763304	nm0000191
tt5223488	nm0000191
tt5273758	nm0000191
tt5273760	nm0000191
tt5273762	nm0000191
tt5273764	nm0000191
tt5273770	nm0000191
tt5273772	nm0000191
tt5273774	nm0000191
tt5273778	nm0000191
tt5273780	nm0000191
tt6464650	nm0000191
tt6703784	nm0000191
tt7649208	nm0000191
tt6128376	nm0000196
tt7055482	nm0000196
tt7055484	nm0000196
tt7055486	nm0000196
tt7112122	nm0000196
tt7112128	nm0000196
tt7112132	nm0000196
tt7188918	nm0000196
tt7188920	nm0000196
tt7188922	nm0000196
tt1959563	nm0000198
tt3922818	nm0000198
tt4555426	nm0000198
tt3011960	nm0000199
tt5126922	nm0000199
tt4946972	nm0000200
tt5734400	nm0000200
tt5741482	nm0000200
tt5741486	nm0000200
tt5858498	nm0000200
tt5858500	nm0000200
tt5858502	nm0000200
tt5858504	nm0000200
tt5858506	nm0000200
tt5858508	nm0000200
tt5858512	nm0000200
tt6193410	nm0000200
tt6193412	nm0000200
tt6193414	nm0000200
tt5322012	nm0000202
tt5728996	nm0000202
tt5728998	nm0000202
tt5729000	nm0000202
tt5729004	nm0000202
tt6378508	nm0000202
tt6746074	nm0000202
tt6746076	nm0000202
tt6746078	nm0000202
tt6746080	nm0000202
tt6746082	nm0000202
tt6746084	nm0000202
tt4425200	nm0000206
tt5228262	nm0000206
tt8138184	nm0000206
tt6445462	nm0000209
tt10922386	nm0000216
tt4581576	nm0000216
tt5495792	nm0000216
tt4949290	nm0000219
tt6015706	nm0000219
tt0201776	nm0000221
tt4917224	nm0000221
tt6086080	nm0000221
tt7084396	nm0000221
tt7084408	nm0000221
tt3750872	nm0000225
tt6570788	nm0000225
tt6839874	nm0000225
tt7588610	nm0000225
tt7588682	nm0000225
tt5519340	nm0000226
tt6744588	nm0000226
tt8368574	nm0000226
tt8369926	nm0000226
tt4986134	nm0000228
tt5419058	nm0000228
tt5965956	nm0000228
tt6010608	nm0000228
tt6059620	nm0000228
tt6110792	nm0000228
tt6411836	nm0000228
tt6411838	nm0000228
tt6411842	nm0000228
tt6411844	nm0000228
tt6411846	nm0000228
tt6411854	nm0000228
tt6411858	nm0000228
tt6411862	nm0000228
tt2658538	nm0000240
tt5420376	nm0000240
tt5748392	nm0000240
tt7492998	nm0000240
tt5767628	nm0000241
tt6682754	nm0000241
tt7525468	nm0000241
tt7525474	nm0000241
tt7525476	nm0000241
tt8599592	nm0000241
tt3371366	nm0000242
tt5294550	nm0000242
tt5657846	nm0000242
tt6000478	nm0000243
tt4694544	nm0000246
tt5884234	nm0000246
tt7588680	nm0000249
tt7593068	nm0000249
tt0974015	nm0000255
tt2568862	nm0000273
tt5578150	nm0000274
tt6245266	nm0000274
tt7197292	nm0000274
tt0201726	nm0000276
tt1877889	nm0000276
tt3652142	nm0000276
tt5178658	nm0000276
tt5178670	nm0000276
tt5265898	nm0000276
tt5301544	nm0000276
tt5505784	nm0000276
tt5567760	nm0000276
tt5567762	nm0000276
tt5567766	nm0000276
tt5567768	nm0000276
tt5585734	nm0000276
tt5585738	nm0000276
tt5585740	nm0000276
tt5585742	nm0000276
tt5651952	nm0000276
tt6407276	nm0000276
tt6407284	nm0000276
tt6407290	nm0000276
tt6407294	nm0000276
tt6407300	nm0000276
tt6407304	nm0000276
tt6407306	nm0000276
tt6407312	nm0000276
tt6407314	nm0000276
tt6407318	nm0000276
tt6407320	nm0000276
tt7083930	nm0000276
tt7173414	nm0000276
tt7173440	nm0000276
tt7319182	nm0000276
tt7319192	nm0000276
tt7319196	nm0000276
tt7319200	nm0000276
tt7452854	nm0000276
tt7452860	nm0000276
tt7575150	nm0000276
tt7575176	nm0000276
tt7575188	nm0000276
tt7597704	nm0000276
tt7597714	nm0000276
tt7597736	nm0000276
tt7758248	nm0000276
tt7758302	nm0000276
tt7758318	nm0000276
tt7949912	nm0000276
tt2017020	nm0000279
tt5722190	nm0000279
tt5748610	nm0000279
tt5755368	nm0000279
tt5755370	nm0000279
tt5798518	nm0000279
tt5798520	nm0000279
tt5798522	nm0000279
tt5798524	nm0000279
tt5798526	nm0000279
tt5951430	nm0000279
tt5939132	nm0000284
tt5939134	nm0000284
tt5939136	nm0000284
tt5939138	nm0000284
tt5939140	nm0000284
tt5939142	nm0000284
tt5939146	nm0000284
tt5939148	nm0000284
tt5939150	nm0000284
tt5939154	nm0000284
tt7772556	nm0000284
tt1935089	nm0000285
tt3874544	nm0000285
tt6222568	nm0000285
tt6222634	nm0000285
tt6469960	nm0000285
tt6932084	nm0000285
tt7219214	nm0000285
tt7683858	nm0000285
tt8820624	nm0000285
tt3300712	nm0000286
tt4460430	nm0000286
tt8106946	nm0000286
tt8106958	nm0000286
tt8106972	nm0000286
tt8169092	nm0000286
tt6295106	nm0000287
tt5352846	nm0000293
tt5700176	nm0000293
tt5824490	nm0000293
tt6078644	nm0000293
tt6301530	nm0000293
tt6301532	nm0000293
tt6317592	nm0000293
tt6317594	nm0000293
tt6317596	nm0000293
tt6386664	nm0000293
tt6651616	nm0000293
tt6872264	nm0000293
tt6872278	nm0000293
tt7408150	nm0000293
tt5851562	nm0000296
tt5866020	nm0000296
tt7865908	nm0000296
tt4717208	nm0000297
tt6349302	nm0000297
tt5044656	nm0000299
tt0122017	nm0000305
tt10863908	nm0000305
tt7148274	nm0000306
tt8280402	nm0000306
tt0462017	nm0000308
tt7135152	nm0000309
tt6619330	nm0000310
tt3829920	nm0000313
tt6484086	nm0000313
tt7379998	nm0000314
tt4214198	nm0000316
tt4902964	nm0000317
tt5533228	nm0000317
tt6114920	nm0000317
tt6539398	nm0000317
tt6539410	nm0000317
tt6539412	nm0000317
tt6561726	nm0000317
tt6581940	nm0000317
tt6636254	nm0000317
tt6636684	nm0000317
tt6663030	nm0000317
tt6663032	nm0000317
tt6735072	nm0000317
tt6764636	nm0000317
tt7013576	nm0000317
tt7044772	nm0000317
tt7103982	nm0000317
tt7160384	nm0000317
tt7254042	nm0000317
tt7270284	nm0000317
tt7289106	nm0000317
tt7412118	nm0000317
tt7463932	nm0000317
tt7493194	nm0000317
tt7529578	nm0000317
tt7534442	nm0000317
tt7534490	nm0000317
tt7550432	nm0000317
tt7614782	nm0000317
tt7643228	nm0000317
tt7656982	nm0000317
tt7704270	nm0000317
tt7704280	nm0000317
tt7704282	nm0000317
tt4423984	nm0000321
tt4687410	nm0000321
tt2568862	nm0000323
tt5779540	nm0000323
tt1615160	nm0000329
tt3014284	nm0000329
tt4217392	nm0000329
tt5813366	nm0000329
tt6238896	nm0000329
tt7645502	nm0000329
tt8026848	nm0000329
tt8312212	nm0000329
tt5836316	nm0000331
tt6795326	nm0000332
tt7266012	nm0000332
tt7272798	nm0000332
tt6098954	nm0000338
tt2636186	nm0000342
tt7095280	nm0000342
tt1034007	nm0000343
tt5527102	nm0000343
tt6501908	nm0000345
tt7772806	nm0000346
tt7772820	nm0000346
tt7929176	nm0000346
tt0493405	nm0000352
tt0498381	nm0000352
tt3579018	nm0000352
tt6862206	nm0000352
tt7023438	nm0000352
tt7023514	nm0000352
tt7023526	nm0000352
tt7023528	nm0000352
tt7023550	nm0000352
tt7141154	nm0000352
tt0120179	nm0000353
tt1536537	nm0000353
tt3402236	nm0000353
tt5649144	nm0000353
tt6195904	nm0000353
tt6203570	nm0000353
tt0491175	nm0000354
tt1389072	nm0000354
tt6594992	nm0000354
tt6654082	nm0000354
tt6858012	nm0000355
tt7589570	nm0000355
tt5776858	nm0000358
tt4155534	nm0000362
tt5972780	nm0000367
tt6058136	nm0000367
tt2568862	nm0000369
tt5094942	nm0000369
tt4070582	nm0000373
tt6357358	nm0000373
tt7345696	nm0000373
tt3280262	nm0000374
tt6327470	nm0000374
tt2250912	nm0000375
tt7006122	nm0000375
tt6483806	nm0000381
tt5655222	nm0000385
tt6992128	nm0000385
tt5157052	nm0000387
tt6381876	nm0000387
tt7520570	nm0000387
tt0201776	nm0000389
tt5275884	nm0000391
tt6980438	nm0000391
tt7016276	nm0000391
tt7016288	nm0000391
tt4797212	nm0000401
tt5636438	nm0000401
tt5970124	nm0000401
tt5970126	nm0000401
tt5970128	nm0000401
tt6012830	nm0000401
tt6018306	nm0000401
tt6130050	nm0000401
tt6945708	nm0000401
tt7149164	nm0000401
tt6502456	nm0000408
tt7297456	nm0000408
tt5485566	nm0000410
tt5762690	nm0000410
tt6137166	nm0000410
tt6804316	nm0000410
tt7378188	nm0000410
tt7576388	nm0000410
tt7669850	nm0000410
tt7669888	nm0000410
tt7669900	nm0000410
tt7669904	nm0000410
tt7669912	nm0000410
tt7669922	nm0000410
tt7669946	nm0000410
tt7669948	nm0000410
tt7669954	nm0000410
tt7752940	nm0000410
tt5859132	nm0000411
tt7865908	nm0000411
tt7129430	nm0000412
tt7901236	nm0000412
tt7633588	nm0000416
tt1898069	nm0000417
tt5017734	nm0000417
tt5017740	nm0000417
tt5062946	nm0000417
tt5280330	nm0000417
tt5665566	nm0000417
tt5665572	nm0000417
tt5665580	nm0000417
tt5665584	nm0000417
tt4721404	nm0000418
tt4847454	nm0000418
tt5329862	nm0000418
tt6360172	nm0000418
tt6459472	nm0000418
tt6553122	nm0000418
tt6553124	nm0000418
tt6937990	nm0000418
tt7370936	nm0000418
tt0331314	nm0000422
tt2406566	nm0000422
tt4694544	nm0000422
tt7169418	nm0000422
tt4468740	nm0000424
tt7633388	nm0000425
tt5360150	nm0000430
tt7422506	nm0000432
tt1710308	nm0000434
tt2527336	nm0000434
tt5798078	nm0000434
tt5805752	nm0000434
tt5866542	nm0000434
tt6319426	nm0000434
tt6323308	nm0000434
tt6381880	nm0000434
tt6381882	nm0000434
tt6621934	nm0000434
tt6621946	nm0000434
tt6933208	nm0000434
tt6966572	nm0000434
tt7066454	nm0000434
tt7121742	nm0000434
tt7156718	nm0000434
tt7204554	nm0000434
tt7427122	nm0000434
tt7455634	nm0000434
tt7593042	nm0000434
tt7670620	nm0000434
tt8787682	nm0000434
tt1781058	nm0000437
tt2378507	nm0000437
tt3450958	nm0000437
tt5027774	nm0000437
tt5540992	nm0000437
tt6338476	nm0000437
tt1880399	nm0000438
tt5109784	nm0000438
tt5922124	nm0000438
tt2017020	nm0000439
tt4834206	nm0000439
tt5352664	nm0000439
tt5689392	nm0000439
tt5689396	nm0000439
tt5689402	nm0000439
tt5950462	nm0000439
tt6165334	nm0000439
tt6165336	nm0000439
tt6165338	nm0000439
tt0302017	nm0000442
tt4656810	nm0000442
tt5442456	nm0000442
tt6937242	nm0000442
tt7249606	nm0000442
tt7379618	nm0000442
tt2523096	nm0000448
tt5637736	nm0000448
tt6747996	nm0000448
tt7200708	nm0000448
tt7650198	nm0000448
tt0201788	nm0000453
tt2024521	nm0000457
tt5271794	nm0000457
tt3488298	nm0000459
tt5973914	nm0000459
tt6023900	nm0000459
tt6051496	nm0000459
tt6051500	nm0000459
tt6051504	nm0000459
tt3837842	nm0000460
tt2736858	nm0000461
tt4682922	nm0000461
tt5034444	nm0000461
tt7775138	nm0000461
tt9209702	nm0000461
tt2017624	nm0000465
tt5176832	nm0000465
tt6600684	nm0000465
tt7092464	nm0000465
tt7238988	nm0000465
tt8826832	nm0000465
tt8826998	nm0000465
tt9408534	nm0000465
tt7633588	nm0000466
tt5657856	nm0000467
tt5770788	nm0000467
tt5810508	nm0000467
tt6078006	nm0000467
tt6078008	nm0000467
tt6078012	nm0000467
tt6078014	nm0000467
tt6078016	nm0000467
tt1961175	nm0000474
tt2250912	nm0000474
tt4394034	nm0000479
tt5851562	nm0000479
tt5866020	nm0000479
tt5866036	nm0000479
tt7865908	nm0000479
tt4656810	nm0000483
tt6770518	nm0000483
tt0120177	nm0000491
tt5880326	nm0000491
tt5881480	nm0000491
tt6022320	nm0000491
tt6022324	nm0000491
tt6022332	nm0000491
tt6022336	nm0000491
tt6023904	nm0000491
tt6037520	nm0000491
tt6037526	nm0000491
tt6037530	nm0000491
tt6489300	nm0000491
tt8930036	nm0000491
tt5558752	nm0000498
tt5558754	nm0000498
tt5558756	nm0000498
tt5938146	nm0000498
tt5938148	nm0000498
tt5982020	nm0000498
tt6425560	nm0000498
tt6465148	nm0000498
tt6478396	nm0000498
tt6478398	nm0000498
tt6478402	nm0000498
tt6478404	nm0000498
tt6946580	nm0000498
tt6967402	nm0000498
tt6967420	nm0000498
tt6992306	nm0000498
tt7125198	nm0000498
tt7125202	nm0000498
tt7125204	nm0000498
tt7125208	nm0000498
tt7125212	nm0000498
tt7125214	nm0000498
tt7125218	nm0000498
tt7125220	nm0000498
tt7125222	nm0000498
tt7125228	nm0000498
tt7125230	nm0000498
tt7125236	nm0000498
tt7129036	nm0000498
tt7132570	nm0000498
tt7344974	nm0000498
tt7344982	nm0000498
tt7503756	nm0000498
tt5443766	nm0000501
tt5820806	nm0000501
tt6018200	nm0000501
tt6018202	nm0000501
tt6018218	nm0000501
tt6018228	nm0000501
tt6018230	nm0000501
tt6018234	nm0000501
tt6018242	nm0000501
tt6018244	nm0000501
tt6018248	nm0000501
tt6018250	nm0000501
tt6018260	nm0000501
tt4669278	nm0000502
tt7056740	nm0000502
tt4795124	nm0000507
tt6347410	nm0000513
tt6349112	nm0000513
tt6360832	nm0000513
tt6402814	nm0000513
tt6423672	nm0000513
tt6428796	nm0000513
tt6428802	nm0000513
tt6428804	nm0000513
tt2464990	nm0000514
tt3201722	nm0000514
tt3314584	nm0000514
tt4420040	nm0000514
tt4656810	nm0000514
tt5632272	nm0000514
tt6753972	nm0000514
tt7026910	nm0000514
tt7123044	nm0000514
tt7520216	nm0000514
tt9134982	nm0000514
tt4624104	nm0000516
tt7034316	nm0000516
tt1734493	nm0000518
tt5066056	nm0000518
tt6204340	nm0000518
tt2487028	nm0000532
tt2827058	nm0000532
tt4191486	nm0000532
tt4274656	nm0000532
tt5493706	nm0000532
tt5636312	nm0000532
tt6474578	nm0000532
tt6474580	nm0000532
tt6626256	nm0000532
tt7521340	nm0000532
tt2955304	nm0000538
tt5734140	nm0000538
tt2932536	nm0000546
tt7272798	nm0000546
tt1984119	nm0000547
tt3293184	nm0000547
tt3843566	nm0000547
tt5101878	nm0000547
tt5848346	nm0000547
tt6543144	nm0000547
tt6543150	nm0000547
tt6543154	nm0000547
tt6543162	nm0000547
tt6697272	nm0000547
tt7083902	nm0000547
tt7083930	nm0000547
tt7083948	nm0000547
tt7083980	nm0000547
tt7084018	nm0000547
tt7084072	nm0000547
tt7084168	nm0000547
tt7084190	nm0000547
tt7084230	nm0000547
tt7084240	nm0000547
tt7084244	nm0000547
tt7084284	nm0000547
tt7084308	nm0000547
tt7197326	nm0000547
tt7531496	nm0000547
tt2072233	nm0000551
tt2226597	nm0000551
tt5500906	nm0000551
tt6159540	nm0000551
tt6236128	nm0000551
tt6243918	nm0000551
tt6315012	nm0000551
tt6352364	nm0000551
tt7370936	nm0000551
tt5175450	nm0000553
tt6413828	nm0000553
tt6231504	nm0000554
tt6237208	nm0000555
tt7156718	nm0000555
tt7345696	nm0000555
tt7847262	nm0000555
tt1980003	nm0000560
tt6424850	nm0000560
tt6965082	nm0000560
tt7068842	nm0000560
tt7068848	nm0000560
tt7157940	nm0000560
tt7157944	nm0000560
tt7157946	nm0000560
tt7157950	nm0000560
tt7167692	nm0000560
tt7266470	nm0000560
tt0320178	nm0000561
tt0320179	nm0000561
tt7043472	nm0000561
tt6366744	nm0000562
tt6345948	nm0000563
tt6380240	nm0000563
tt6405916	nm0000563
tt6435072	nm0000563
tt6477566	nm0000563
tt6520280	nm0000563
tt6551554	nm0000563
tt6565418	nm0000563
tt6565428	nm0000563
tt6565434	nm0000563
tt6565440	nm0000563
tt6565446	nm0000563
tt6565452	nm0000563
tt6687092	nm0000563
tt7272708	nm0000563
tt7344094	nm0000563
tt7422682	nm0000563
tt7509202	nm0000563
tt7516588	nm0000563
tt7516638	nm0000563
tt7535510	nm0000563
tt7600004	nm0000563
tt7600008	nm0000563
tt7654432	nm0000563
tt0120179	nm0000574
tt7241654	nm0000574
tt5292482	nm0000576
tt5518896	nm0000576
tt3672120	nm0000579
tt3973768	nm0000579
tt5280930	nm0000579
tt5282992	nm0000579
tt5287654	nm0000579
tt5290278	nm0000579
tt5292528	nm0000579
tt5293202	nm0000579
tt5293630	nm0000579
tt5293636	nm0000579
tt5293640	nm0000579
tt5293646	nm0000579
tt6131208	nm0000579
tt6152206	nm0000579
tt6438840	nm0000579
tt6718738	nm0000579
tt6743244	nm0000579
tt6782154	nm0000579
tt6839458	nm0000579
tt7204540	nm0000579
tt7204542	nm0000579
tt7217058	nm0000579
tt7236086	nm0000579
tt7418302	nm0000579
tt7418304	nm0000579
tt7996280	nm0000579
tt4070598	nm0000585
tt5124590	nm0000585
tt6839874	nm0000585
tt2017164	nm0000594
tt6048620	nm0000594
tt6272734	nm0000594
tt6454730	nm0000594
tt6623224	nm0000594
tt6845586	nm0000594
tt6848564	nm0000594
tt6848574	nm0000594
tt6848586	nm0000594
tt7007478	nm0000594
tt7007482	nm0000594
tt7007490	nm0000594
tt7008112	nm0000594
tt2429278	nm0000596
tt3647998	nm0000596
tt3750872	nm0000596
tt4356480	nm0000596
tt4700598	nm0000596
tt4700604	nm0000596
tt4400994	nm0000597
tt5420886	nm0000597
tt5689632	nm0000597
tt6048596	nm0000597
tt8499896	nm0000597
tt1753383	nm0000598
tt2017038	nm0000602
tt5034266	nm0000602
tt5155780	nm0000602
tt6125802	nm0000602
tt6135232	nm0000602
tt6238896	nm0000602
tt7798982	nm0000602
tt7826182	nm0000602
tt7950492	nm0000602
tt0912343	nm0000604
tt1657563	nm0000604
tt3731562	nm0000604
tt6536776	nm0000604
tt5286268	nm0000606
tt5848346	nm0000607
tt6843488	nm0000607
tt7084072	nm0000607
tt7666316	nm0000607
tt2834944	nm0000608
tt4874350	nm0000608
tt5579982	nm0000608
tt5777708	nm0000608
tt5836316	nm0000608
tt6086094	nm0000608
tt5162344	nm0000610
tt5308384	nm0000610
tt5419064	nm0000610
tt5553382	nm0000610
tt5716412	nm0000610
tt5784632	nm0000610
tt5792170	nm0000610
tt5792172	nm0000610
tt5821676	nm0000610
tt0201737	nm0000615
tt1107262	nm0000616
tt1791611	nm0000616
tt2340142	nm0000616
tt2545936	nm0000616
tt3161382	nm0000616
tt3374330	nm0000616
tt3374338	nm0000616
tt3375806	nm0000616
tt3447876	nm0000616
tt3488174	nm0000616
tt3488196	nm0000616
tt3514322	nm0000616
tt3514328	nm0000616
tt3568078	nm0000616
tt3729774	nm0000616
tt3867596	nm0000616
tt4134826	nm0000616
tt4577974	nm0000616
tt4624104	nm0000616
tt4648824	nm0000616
tt4762758	nm0000616
tt4837090	nm0000616
tt5079608	nm0000616
tt5498056	nm0000616
tt5777708	nm0000616
tt6069336	nm0000616
tt6487990	nm0000616
tt6977726	nm0000616
tt7903626	nm0000616
tt8906274	nm0000616
tt8907208	nm0000616
tt2184233	nm0000619
tt4607112	nm0000619
tt5631592	nm0000619
tt5929480	nm0000619
tt6047270	nm0000619
tt6136026	nm0000619
tt6225540	nm0000619
tt6250502	nm0000619
tt6327630	nm0000619
tt6468728	nm0000619
tt7315768	nm0000619
tt7315772	nm0000619
tt5565334	nm0000625
tt5988992	nm0000625
tt6184476	nm0000625
tt6211600	nm0000625
tt6281494	nm0000625
tt6281498	nm0000625
tt6281502	nm0000625
tt6281504	nm0000625
tt6281508	nm0000625
tt4125654	nm0000628
tt5580536	nm0000628
tt2417712	nm0000630
tt4131800	nm0000630
tt5959094	nm0000630
tt5959098	nm0000630
tt5983544	nm0000630
tt6058192	nm0000630
tt6077238	nm0000630
tt6077240	nm0000630
tt6077242	nm0000630
tt6078602	nm0000630
tt6078606	nm0000630
tt6081720	nm0000630
tt6081722	nm0000630
tt6081724	nm0000630
tt7085256	nm0000630
tt7107070	nm0000630
tt7107074	nm0000630
tt7126680	nm0000630
tt7219134	nm0000630
tt7227228	nm0000630
tt7685550	nm0000630
tt7685552	nm0000630
tt9760900	nm0000630
tt6392298	nm0000632
tt7606572	nm0000633
tt5797220	nm0000638
tt6142314	nm0000638
tt6240452	nm0000638
tt0120177	nm0000640
tt5262554	nm0000640
tt5347020	nm0000640
tt5687338	nm0000640
tt5766964	nm0000640
tt5797930	nm0000640
tt5799166	nm0000640
tt5803924	nm0000640
tt5837946	nm0000640
tt5837948	nm0000640
tt5842090	nm0000640
tt5842766	nm0000640
tt5845512	nm0000640
tt5845514	nm0000640
tt5845516	nm0000640
tt6360810	nm0000640
tt6490538	nm0000640
tt4364202	nm0000641
tt5734046	nm0000641
tt6008878	nm0000641
tt6039462	nm0000641
tt6133974	nm0000641
tt6166624	nm0000641
tt6170902	nm0000641
tt6199580	nm0000641
tt6235820	nm0000641
tt6285612	nm0000641
tt6385978	nm0000641
