episode_id	title_id	season_num	episode_num
tt7519536	tt0184135	4	1
tt7519556	tt0184135	4	2
tt7519540	tt0184135	4	3
tt7775470	tt0199217	0	0
tt2017361	tt0235918	8	10
tt5373066	tt0235918	10	11
tt6468170	tt0235918	10	13
tt6493764	tt0235918	10	14
tt6493790	tt0235918	10	15
tt6539454	tt0235918	10	16
tt6539464	tt0235918	10	17
tt6539478	tt0235918	10	18
tt6539490	tt0235918	10	19
tt6539536	tt0235918	10	20
tt1172017	tt0268862	0	0
tt7636620	tt0268862	0	0
tt10127192	tt0274244	23	1
tt10127198	tt0274244	23	2
tt10127202	tt0274244	23	3
tt10127204	tt0274244	23	4
tt10127206	tt0274244	23	5
tt10127210	tt0274244	23	6
tt10127214	tt0274244	23	7
tt10127220	tt0274244	23	8
tt10127222	tt0274244	23	9
tt1058779	tt0278238	5	1
tt6638246	tt0278238	5	2
tt6638248	tt0278238	5	3
tt6638250	tt0278238	5	4
tt6638252	tt0278238	5	5
tt6726396	tt0278238	5	6
tt6726398	tt0278238	5	7
tt6726402	tt0278238	5	8
tt6807810	tt0278238	5	9
tt6807812	tt0278238	5	10
tt2017367	tt0284767	0	0
tt6371680	tt0284767	0	0
tt6371682	tt0284767	0	0
tt6371684	tt0284767	0	0
tt6371686	tt0284767	0	0
tt6371688	tt0284767	0	0
tt6371690	tt0284767	0	0
tt6371692	tt0284767	0	0
tt6400492	tt0284767	0	0
tt6400494	tt0284767	0	0
tt6400496	tt0284767	0	0
tt6400498	tt0284767	0	0
tt6400500	tt0284767	0	0
tt6400502	tt0284767	0	0
tt6400504	tt0284767	0	0
tt6433936	tt0284767	0	0
tt6433940	tt0284767	0	0
tt6433942	tt0284767	0	0
tt6433944	tt0284767	0	0
tt6433946	tt0284767	0	0
tt6433952	tt0284767	0	0
tt6463782	tt0284767	0	0
tt6470242	tt0284767	0	0
tt6501734	tt0284767	0	0
tt6501738	tt0284767	0	0
tt6501740	tt0284767	0	0
tt6501742	tt0284767	0	0
tt6501744	tt0284767	0	0
tt6501748	tt0284767	0	0
tt6501750	tt0284767	0	0
tt6501752	tt0284767	0	0
tt6501754	tt0284767	0	0
tt6501756	tt0284767	0	0
tt6501758	tt0284767	0	0
tt6501760	tt0284767	0	0
tt6501764	tt0284767	0	0
tt6501766	tt0284767	0	0
tt6501768	tt0284767	0	0
tt6531780	tt0284767	0	0
tt6531784	tt0284767	0	0
tt6531792	tt0284767	0	0
tt6531794	tt0284767	0	0
tt6531796	tt0284767	0	0
tt6531798	tt0284767	0	0
tt6557518	tt0284767	0	0
tt6557520	tt0284767	0	0
tt6557522	tt0284767	0	0
tt6557524	tt0284767	0	0
tt6557528	tt0284767	0	0
tt6557530	tt0284767	0	0
tt6557532	tt0284767	0	0
tt6557534	tt0284767	0	0
tt6557538	tt0284767	0	0
tt6596526	tt0284767	0	0
tt6596528	tt0284767	0	0
tt6596534	tt0284767	0	0
tt6596536	tt0284767	0	0
tt6596544	tt0284767	0	0
tt6596546	tt0284767	0	0
tt6596554	tt0284767	0	0
tt6596562	tt0284767	0	0
tt6666038	tt0284767	0	0
tt6666040	tt0284767	0	0
tt6666042	tt0284767	0	0
tt6666044	tt0284767	0	0
tt6666046	tt0284767	0	0
tt6666050	tt0284767	0	0
tt6666054	tt0284767	0	0
tt6666056	tt0284767	0	0
tt6666058	tt0284767	0	0
tt6666060	tt0284767	0	0
tt6666062	tt0284767	0	0
tt6666064	tt0284767	0	0
tt6711190	tt0284767	0	0
tt6711194	tt0284767	0	0
tt6711196	tt0284767	0	0
tt6711200	tt0284767	0	0
tt6711202	tt0284767	0	0
tt6711208	tt0284767	0	0
tt6711210	tt0284767	0	0
tt6711212	tt0284767	0	0
tt6711214	tt0284767	0	0
tt6711216	tt0284767	0	0
tt6711218	tt0284767	0	0
tt6711222	tt0284767	0	0
tt6765382	tt0284767	0	0
tt6765384	tt0284767	0	0
tt6765386	tt0284767	0	0
tt6765388	tt0284767	0	0
tt6765390	tt0284767	0	0
tt6785304	tt0284767	0	0
tt6785308	tt0284767	0	0
tt6785310	tt0284767	0	0
tt6785316	tt0284767	0	0
tt6785318	tt0284767	0	0
tt7705232	tt0297639	1	510
tt7710238	tt0297639	1	512
tt7705448	tt0297639	1	514
tt7705240	tt0297639	1	528
tt6508894	tt0357354	9	1
tt6572808	tt0357354	9	2
tt6572812	tt0357354	9	3
tt6572822	tt0357354	9	4
tt6734892	tt0357354	9	5
tt6734894	tt0357354	9	6
tt6734896	tt0357354	9	7
tt6734900	tt0357354	9	8
tt6734906	tt0357354	9	9
tt6791370	tt0357354	9	10
tt6927186	tt0357354	9	11
tt6927188	tt0357354	9	12
tt5028060	tt0364782	15	1
tt6385510	tt0364782	15	2
tt6388708	tt0364782	15	3
tt6416122	tt0364782	15	4
tt6463826	tt0364782	15	5
tt6487920	tt0364782	15	6
tt6513302	tt0364782	15	7
tt9020356	tt0390678	0	0
tt7027358	tt0392948	0	0
tt8760114	tt0392988	0	0
tt8760116	tt0392988	0	0
tt8760118	tt0392988	0	0
tt8760120	tt0392988	0	0
tt8760122	tt0392988	0	0
tt8760124	tt0392988	0	0
tt8760128	tt0392988	0	0
tt8878728	tt0397205	3	1
tt6481138	tt0402649	4	1
tt6551562	tt0402649	4	2
tt6551564	tt0402649	4	3
tt6702946	tt0402649	4	4
tt6702952	tt0402649	4	5
tt6702954	tt0402649	4	6
tt6702960	tt0402649	4	7
tt6702970	tt0402649	4	8
tt6989316	tt0402649	4	9
tt6989322	tt0402649	4	10
tt7427962	tt0402649	5	1
tt7427968	tt0402649	5	2
tt7427970	tt0402649	5	3
tt7427972	tt0402649	5	4
tt7657030	tt0402649	5	5
tt7657034	tt0402649	5	6
tt7657036	tt0402649	5	7
tt7657040	tt0402649	5	8
tt7657042	tt0402649	5	9
tt7657046	tt0402649	5	10
tt5537374	tt0455275	5	1
tt5562080	tt0455275	5	2
tt5562088	tt0455275	5	3
tt5564478	tt0455275	5	4
tt5577002	tt0455275	5	5
tt5577008	tt0455275	5	6
tt5577018	tt0455275	5	7
tt5577024	tt0455275	5	8
tt5538198	tt0455275	5	9
tt5499982	tt0460627	12	1
tt5521846	tt0460627	12	2
tt5521848	tt0460627	12	3
tt5524568	tt0460627	12	4
tt5524572	tt0460627	12	5
tt5524576	tt0460627	12	6
tt5524574	tt0460627	12	7
tt5524578	tt0460627	12	8
tt5524586	tt0460627	12	9
tt5524588	tt0460627	12	10
tt5524590	tt0460627	12	11
tt5502886	tt0460627	12	12
tt7253292	tt0466518	0	0
tt8937952	tt0466518	0	0
tt10558432	tt0472017	0	0
tt10558436	tt0472017	0	0
tt10573660	tt0472017	0	0
tt10573676	tt0472017	0	0
tt7620178	tt0472017	30	1
tt7170960	tt0472017	39	1
tt7170962	tt0472017	39	2
tt7170964	tt0472017	39	3
tt7170966	tt0472017	39	4
tt7170968	tt0472017	39	5
tt7240670	tt0472017	39	6
tt7240672	tt0472017	39	7
tt7240674	tt0472017	39	8
tt7240678	tt0472017	39	9
tt7334238	tt0472017	39	10
tt7334222	tt0472017	39	11
tt7334228	tt0472017	39	12
tt7334236	tt0472017	39	13
tt7334260	tt0472017	39	14
tt10446660	tt0473416	0	0
tt7450766	tt0473420	14	1
tt7450808	tt0473420	14	2
tt7660144	tt0475907	0	0
tt2017257	tt0783392	0	0
tt2017927	tt0783392	0	0
tt3201776	tt0783392	0	0
tt6387470	tt0783392	0	0
tt6387496	tt0783392	0	0
tt6411634	tt0783392	0	0
tt6411754	tt0783392	0	0
tt6411822	tt0783392	0	0
tt6411884	tt0783392	0	0
tt6411918	tt0783392	0	0
tt6468172	tt0783392	0	0
tt6468174	tt0783392	0	0
tt6468178	tt0783392	0	0
tt6468180	tt0783392	0	0
tt6468182	tt0783392	0	0
tt6478932	tt0783392	0	0
tt6479042	tt0783392	0	0
tt6479062	tt0783392	0	0
tt6479066	tt0783392	0	0
tt6479100	tt0783392	0	0
tt6499634	tt0783392	0	0
tt6499638	tt0783392	0	0
tt6499644	tt0783392	0	0
tt6499676	tt0783392	0	0
tt6499684	tt0783392	0	0
tt6499704	tt0783392	0	0
tt6501436	tt0783392	0	0
tt6512294	tt0783392	0	0
tt6521756	tt0783392	0	0
tt6521766	tt0783392	0	0
tt6521792	tt0783392	0	0
tt6523952	tt0783392	0	0
tt6540456	tt0783392	0	0
tt6540600	tt0783392	0	0
tt6553352	tt0783392	0	0
tt6553426	tt0783392	0	0
tt6553452	tt0783392	0	0
tt6556034	tt0783392	0	0
tt6653202	tt0783392	0	0
tt6653558	tt0783392	0	0
tt6653600	tt0783392	0	0
tt6653644	tt0783392	0	0
tt6653744	tt0783392	0	0
tt6659176	tt0783392	0	0
tt6659190	tt0783392	0	0
tt6659208	tt0783392	0	0
tt6659252	tt0783392	0	0
tt6659284	tt0783392	0	0
tt6659302	tt0783392	0	0
tt6659308	tt0783392	0	0
tt6659350	tt0783392	0	0
tt6659388	tt0783392	0	0
tt6659404	tt0783392	0	0
tt6659426	tt0783392	0	0
tt6659446	tt0783392	0	0
tt6659478	tt0783392	0	0
tt6666036	tt0783392	0	0
tt6674156	tt0783392	0	0
tt6753174	tt0783392	0	0
tt6753234	tt0783392	0	0
tt6753292	tt0783392	0	0
tt6754230	tt0783392	0	0
tt6754256	tt0783392	0	0
tt6758842	tt0783392	0	0
tt6758860	tt0783392	0	0
tt6758970	tt0783392	0	0
tt6759852	tt0783392	0	0
tt6762696	tt0783392	0	0
tt6762724	tt0783392	0	0
tt6762812	tt0783392	0	0
tt6762866	tt0783392	0	0
tt6762994	tt0783392	0	0
tt6764154	tt0783392	0	0
tt6772650	tt0783392	0	0
tt6772670	tt0783392	0	0
tt6787884	tt0783392	0	0
tt6787938	tt0783392	0	0
tt6792242	tt0783392	0	0
tt6815230	tt0783392	0	0
tt6816408	tt0783392	0	0
tt6832056	tt0783392	0	0
tt6832256	tt0783392	0	0
tt6832892	tt0783392	0	0
tt6833014	tt0783392	0	0
tt6833166	tt0783392	0	0
tt6833210	tt0783392	0	0
tt6839780	tt0783392	0	0
tt6862590	tt0783392	0	0
tt6862620	tt0783392	0	0
tt6862640	tt0783392	0	0
tt6888820	tt0783392	0	0
tt6888822	tt0783392	0	0
tt6888826	tt0783392	0	0
tt6888828	tt0783392	0	0
tt6888830	tt0783392	0	0
tt6888832	tt0783392	0	0
tt6888836	tt0783392	0	0
tt6888838	tt0783392	0	0
tt6888840	tt0783392	0	0
tt6888842	tt0783392	0	0
tt6888860	tt0783392	0	0
tt6888862	tt0783392	0	0
tt6888866	tt0783392	0	0
tt6888868	tt0783392	0	0
tt6888870	tt0783392	0	0
tt6913464	tt0783392	0	0
tt6913510	tt0783392	0	0
tt6913538	tt0783392	0	0
tt6913562	tt0783392	0	0
tt6913584	tt0783392	0	0
tt6913626	tt0783392	0	0
tt6913634	tt0783392	0	0
tt6915966	tt0783392	0	0
tt7000440	tt0783392	0	0
tt7000482	tt0783392	0	0
tt7000544	tt0783392	0	0
tt7000658	tt0783392	0	0
tt7000740	tt0783392	0	0
tt7018272	tt0783392	0	0
tt7018304	tt0783392	0	0
tt7018404	tt0783392	0	0
tt7103522	tt0783392	0	0
tt7103540	tt0783392	0	0
tt7107366	tt0783392	0	0
tt7133842	tt0783392	0	0
tt7146408	tt0783392	0	0
tt7146448	tt0783392	0	0
tt7146504	tt0783392	0	0
tt7146558	tt0783392	0	0
tt7153232	tt0783392	0	0
tt7153278	tt0783392	0	0
tt7164862	tt0783392	0	0
tt7164950	tt0783392	0	0
tt7164972	tt0783392	0	0
tt7164978	tt0783392	0	0
tt7164982	tt0783392	0	0
tt7164998	tt0783392	0	0
tt7165010	tt0783392	0	0
tt7166956	tt0783392	0	0
tt7167032	tt0783392	0	0
tt7170408	tt0783392	0	0
tt7170630	tt0783392	0	0
tt7192542	tt0783392	0	0
tt7192654	tt0783392	0	0
tt7193316	tt0783392	0	0
tt7193342	tt0783392	0	0
tt7199004	tt0783392	0	0
tt7199826	tt0783392	0	0
tt7199912	tt0783392	0	0
tt7199960	tt0783392	0	0
tt7200016	tt0783392	0	0
tt7200084	tt0783392	0	0
tt7226702	tt0783392	0	0
tt7226812	tt0783392	0	0
tt7226896	tt0783392	0	0
tt7226910	tt0783392	0	0
tt7226948	tt0783392	0	0
tt7274458	tt0783392	0	0
tt7274490	tt0783392	0	0
tt7277946	tt0783392	0	0
tt7281344	tt0783392	0	0
tt7281408	tt0783392	0	0
tt7281484	tt0783392	0	0
tt7287362	tt0783392	0	0
tt7287602	tt0783392	0	0
tt7287646	tt0783392	0	0
tt7297292	tt0783392	0	0
tt7297410	tt0783392	0	0
tt7297484	tt0783392	0	0
tt7300658	tt0783392	0	0
tt7302174	tt0783392	0	0
tt7302314	tt0783392	0	0
tt7328208	tt0783392	0	0
tt7328242	tt0783392	0	0
tt7328264	tt0783392	0	0
tt7328302	tt0783392	0	0
tt7348004	tt0783392	0	0
tt7353524	tt0783392	0	0
tt7356446	tt0783392	0	0
tt7374638	tt0783392	0	0
tt7374724	tt0783392	0	0
tt7374816	tt0783392	0	0
tt7378934	tt0783392	0	0
tt7382564	tt0783392	0	0
tt7382636	tt0783392	0	0
tt7454860	tt0783392	0	0
tt7455042	tt0783392	0	0
tt7456530	tt0783392	0	0
tt7465598	tt0783392	0	0
tt7466844	tt0783392	0	0
tt7466912	tt0783392	0	0
tt7466956	tt0783392	0	0
tt7467048	tt0783392	0	0
tt7467090	tt0783392	0	0
tt7496052	tt0783392	0	0
tt7497030	tt0783392	0	0
tt7497104	tt0783392	0	0
tt7497240	tt0783392	0	0
tt7525098	tt0783392	0	0
tt7525134	tt0783392	0	0
tt7527440	tt0783392	0	0
tt7527506	tt0783392	0	0
tt7529490	tt0783392	0	0
tt7532022	tt0783392	0	0
tt7532112	tt0783392	0	0
tt7532216	tt0783392	0	0
tt7532248	tt0783392	0	0
tt7579520	tt0783392	0	0
tt7579644	tt0783392	0	0
tt7598996	tt0783392	0	0
tt7599140	tt0783392	0	0
tt7599868	tt0783392	0	0
tt7599908	tt0783392	0	0
tt7611062	tt0783392	0	0
tt7619562	tt0783392	0	0
tt7620366	tt0783392	0	0
tt7620686	tt0783392	0	0
tt7623206	tt0783392	0	0
tt7623240	tt0783392	0	0
tt7623258	tt0783392	0	0
tt7634608	tt0783392	0	0
tt7634656	tt0783392	0	0
tt7634682	tt0783392	0	0
tt8899366	tt0783392	0	0
tt8899650	tt0783392	0	0
tt8901182	tt0783392	0	0
tt8332600	tt0800968	0	0
tt8332622	tt0800968	0	0
tt8332624	tt0800968	0	0
tt8332628	tt0800968	0	0
tt8332632	tt0800968	0	0
tt7144070	tt0831821	6	1
tt8945882	tt0831821	6	2
tt8945886	tt0831821	6	3
tt8945922	tt0831821	6	4
tt8945934	tt0831821	6	5
tt7624670	tt0831821	6	6
tt7369236	tt0831821	6	16
tt7624672	tt0831821	6	98
tt8124264	tt0848671	25	1
tt8135312	tt0848671	25	2
tt8135334	tt0848671	25	3
tt8135344	tt0848671	25	4
tt8135348	tt0848671	25	5
tt8135352	tt0848671	25	6
tt8135364	tt0848671	25	7
tt8135372	tt0848671	25	8
tt8135378	tt0848671	26	5
tt8135430	tt0848671	27	1
tt8135574	tt0848671	27	5
tt8135442	tt0848671	28	1
tt8135450	tt0848671	28	3
tt8135458	tt0848671	28	6
tt8135578	tt0848671	28	8
tt7606028	tt0853066	0	0
tt7606056	tt0853066	0	0
tt7606138	tt0853066	0	0
tt7606146	tt0853066	0	0
tt7311772	tt0861749	18	1
tt7311774	tt0861749	18	2
tt7311786	tt0861749	18	3
tt7355626	tt0912343	0	0
tt6601074	tt0978075	0	0
tt6655410	tt0978075	0	0
tt6655766	tt0978075	0	0
tt6883084	tt0978075	0	0
tt7051672	tt0978075	0	0
tt7188936	tt0978075	0	0
tt7348458	tt0978075	0	0
tt7350128	tt0978075	0	0
tt7359726	tt0978075	0	0
tt7442754	tt0978075	0	0
tt7450208	tt0978075	0	0
tt7476912	tt0978075	0	0
tt7506734	tt0978075	0	0
tt7506748	tt0978075	0	0
tt7511116	tt0978075	0	0
tt7511192	tt0978075	0	0
tt7511412	tt0978075	0	0
tt7537424	tt0978075	0	0
tt7537558	tt0978075	0	0
tt7560318	tt0978075	0	0
tt7631236	tt0978075	0	0
tt7639006	tt0978075	0	0
tt7662026	tt0978075	0	0
tt7662182	tt0978075	0	0
tt7664350	tt0978075	0	0
tt7688170	tt0978075	0	0
tt8086450	tt0978075	0	0
tt8308012	tt0978075	0	0
tt8475790	tt0978075	0	0
tt8759754	tt0978772	0	0
tt8759870	tt0978772	0	0
tt8759878	tt0978772	0	0
tt8759918	tt0978772	0	0
tt8759940	tt0978772	0	0
tt8759952	tt0978772	0	0
tt8759960	tt0978772	0	0
tt8759974	tt0978772	0	0
tt8759980	tt0978772	0	0
tt8759982	tt0978772	0	0
tt8759984	tt0978772	0	0
tt8759988	tt0978772	0	0
tt8759994	tt0978772	0	0
tt6338860	tt0988824	1	488
tt6393060	tt0988824	1	489
tt6422758	tt0988824	1	490
tt6459150	tt0988824	1	491
tt6471478	tt0988824	1	492
tt6493392	tt0988824	1	493
tt6527370	tt0988824	1	494
tt6541902	tt0988824	1	495
tt6542132	tt0988824	1	496
tt6542138	tt0988824	1	497
tt6542146	tt0988824	1	498
tt6626162	tt0988824	1	499
tt6636106	tt0988824	1	500
tt10014818	tt10004066	1	1
tt10014834	tt10004066	1	2
tt10014850	tt10004066	1	3
tt10014858	tt10004066	1	4
tt10014892	tt10004066	1	5
tt10014910	tt10004066	1	6
tt10014916	tt10004066	1	7
tt10014922	tt10004066	1	8
tt10014930	tt10004066	1	9
tt10014942	tt10004066	1	10
tt10014946	tt10004066	1	11
tt10014996	tt10004066	1	12
tt10015000	tt10004066	1	13
tt10026756	tt10004066	1	14
tt10026800	tt10004066	1	16
tt10007332	tt10006462	1	1
tt10007344	tt10006462	1	2
tt10007360	tt10006462	1	3
tt10007368	tt10006462	1	4
tt10007374	tt10006462	1	5
tt10007376	tt10006462	1	6
tt10007380	tt10006462	1	7
tt10007390	tt10006462	1	8
tt10007400	tt10006462	1	9
tt10007410	tt10006462	1	10
tt10007420	tt10006462	1	11
tt10007428	tt10006462	1	12
tt10007432	tt10006462	1	13
tt10021620	tt10011130	1	1
tt10021626	tt10011130	1	2
tt10021634	tt10011130	2	3
tt10021642	tt10011130	2	4
tt10021648	tt10011130	2	5
tt10011308	tt10011234	1	1
tt10015992	tt10011246	1	1
tt10015976	tt10011246	1	2
tt10015978	tt10011246	1	3
tt10015980	tt10011246	1	4
tt10015982	tt10011246	1	5
tt10015984	tt10011246	1	6
tt10015986	tt10011246	1	7
tt10015988	tt10011246	1	8
tt10015990	tt10011246	1	9
tt10015998	tt10011612	1	1
tt10015996	tt10011612	1	2
tt10015994	tt10011612	1	3
tt10016000	tt10011612	1	4
tt10016002	tt10011612	1	6
tt10016006	tt10011612	1	7
tt10169880	tt10011832	1	1
tt10016446	tt10016342	1	1
tt10023244	tt10016342	1	2
tt10038644	tt10016342	1	3
tt10038656	tt10016342	1	4
tt10075692	tt10016342	1	5
tt10075764	tt10016342	1	6
tt10122068	tt10016342	1	7
tt10122070	tt10016342	1	8
tt10020066	tt10016348	1	1
tt10020068	tt10016348	1	2
tt10020070	tt10016348	1	3
tt10020072	tt10016348	1	4
tt10020074	tt10016348	1	5
tt10020076	tt10016348	1	6
tt10020080	tt10016348	1	7
tt10020082	tt10016348	1	8
tt10020084	tt10016348	1	9
tt10020090	tt10016348	1	11
tt10020200	tt10016352	1	1
tt10020160	tt10016352	1	2
tt10020122	tt10016352	1	3
tt10020118	tt10016352	1	4
tt10020192	tt10016352	1	5
tt10020194	tt10016352	1	6
tt10020130	tt10016352	1	7
tt10020202	tt10016352	1	8
tt10020128	tt10016352	1	9
tt10020134	tt10016352	1	11
tt10020212	tt10016352	1	12
tt10020210	tt10016352	1	13
tt10020138	tt10016352	1	14
tt10020136	tt10016352	1	15
tt10020216	tt10016352	1	16
tt10020142	tt10016352	1	17
tt10020144	tt10016352	1	18
tt10020152	tt10016352	1	19
tt10018656	tt10016374	0	0
tt10018662	tt10016374	0	0
tt10018670	tt10016374	0	0
tt10018672	tt10016374	0	0
tt10018676	tt10016374	0	0
tt10018678	tt10016374	0	0
tt10018680	tt10016374	0	0
tt10018740	tt10016374	0	0
tt10018742	tt10016374	0	0
tt10018744	tt10016374	0	0
tt10018748	tt10016374	0	0
tt10018750	tt10016374	0	0
tt10018752	tt10016374	0	0
tt10018758	tt10016374	0	0
tt10018762	tt10016374	0	0
tt10018764	tt10016374	0	0
tt10018766	tt10016374	0	0
tt10018768	tt10016374	0	0
tt10019622	tt10016404	1	1
tt10019604	tt10016404	1	2
tt10019606	tt10016404	1	3
tt10019608	tt10016404	1	4
tt10019610	tt10016404	1	5
tt10019612	tt10016404	1	6
tt10019614	tt10016404	1	7
tt10019618	tt10016404	1	8
tt10019616	tt10016404	1	9
tt10019628	tt10016404	1	11
tt10019642	tt10016404	1	12
tt10019636	tt10016404	1	13
tt10019646	tt10016404	1	14
tt10019650	tt10016404	1	15
tt10019654	tt10016404	1	16
tt10019660	tt10016404	1	17
tt10019656	tt10016404	1	18
tt10019662	tt10016404	1	20
tt10019670	tt10016404	1	21
tt10019674	tt10016404	1	22
tt10019678	tt10016404	1	23
tt10019680	tt10016404	1	24
tt10019686	tt10016404	1	25
tt10017344	tt10016548	1	1
tt10017342	tt10016548	1	2
tt10017340	tt10016548	1	3
tt10017336	tt10016548	1	4
tt10017338	tt10016548	1	5
tt10025240	tt10024310	1	1
tt10025304	tt10024310	1	2
tt10025356	tt10024310	1	3
tt10025398	tt10024310	1	4
tt10025456	tt10024310	1	5
tt10026874	tt10024310	1	6
tt10026888	tt10024310	1	7
tt10034462	tt10028600	0	0
tt7466954	tt10028600	0	0
tt10034110	tt10034044	1	1
tt10034120	tt10034044	1	5
tt10034122	tt10034044	1	6
tt10034128	tt10034044	1	7
tt10034130	tt10034044	1	8
tt10034114	tt10034044	2	2
tt10034116	tt10034044	2	3
tt10034118	tt10034044	2	4
tt10214960	tt10036722	1	1
tt10215046	tt10036722	1	2
tt10216388	tt10036722	1	3
tt10216434	tt10036722	1	4
tt10216510	tt10036722	1	5
tt10216554	tt10036722	1	6
tt10216606	tt10036722	1	7
tt10216638	tt10036722	1	8
tt10216680	tt10036722	1	9
tt10216710	tt10036722	1	10
tt10216764	tt10036722	1	11
tt10216850	tt10036722	1	12
tt10216870	tt10036722	1	13
tt10216926	tt10036722	1	14
tt10216964	tt10036722	1	15
tt10217010	tt10036722	1	16
tt10217022	tt10036722	1	17
tt10217038	tt10036722	1	18
tt10217040	tt10036722	1	19
tt10082074	tt10041404	1	1
tt10082080	tt10041404	1	2
tt10082102	tt10041404	1	3
tt10082112	tt10041404	1	4
tt10082122	tt10041404	1	5
tt10082128	tt10041404	1	6
tt10082138	tt10041404	1	7
tt10082146	tt10041404	1	8
tt10082158	tt10041404	1	9
tt10082168	tt10041404	1	10
tt10082178	tt10041404	1	11
tt10082190	tt10041404	1	12
tt10082206	tt10041404	1	13
tt10082232	tt10041404	1	14
tt10082260	tt10041404	1	15
tt10082298	tt10041404	1	16
tt10082300	tt10041404	1	17
tt10048436	tt10042850	1	1
tt10048440	tt10042850	1	2
tt10048450	tt10042850	1	3
tt10105714	tt10044086	3	3
tt10105722	tt10044086	3	4
tt10862606	tt10045408	1	1
tt10862760	tt10045408	1	2
tt10862884	tt10045408	1	3
tt10862910	tt10045408	1	4
tt10862994	tt10045408	1	5
tt10863008	tt10045408	1	6
tt10184720	tt10047072	1	1
tt10184748	tt10047072	1	2
tt10184766	tt10047072	1	3
tt10184776	tt10047072	1	4
tt10184794	tt10047072	1	5
tt10184806	tt10047072	1	6
tt10184816	tt10047072	1	7
tt10184822	tt10047072	1	8
tt10184838	tt10047072	1	9
tt10184848	tt10047072	1	10
tt10184858	tt10047072	1	11
tt10184868	tt10047072	1	12
tt10184876	tt10047072	1	13
tt10184886	tt10047072	1	14
tt10184898	tt10047072	1	15
tt10184914	tt10047072	1	16
tt10184920	tt10047072	1	17
tt10184924	tt10047072	1	18
tt10065102	tt10053044	1	1
tt10065144	tt10053044	1	2
tt10056058	tt10054496	1	1
tt10056218	tt10054496	1	2
tt10059270	tt10058616	1	1
tt10059328	tt10058616	1	2
tt10059346	tt10058616	1	3
tt10059360	tt10058616	1	4
tt10059380	tt10058616	1	5
tt10059388	tt10058616	1	6
tt10059406	tt10058616	1	7
tt10059418	tt10058616	1	8
tt10090630	tt10059466	1	1
tt10090638	tt10059466	1	2
tt10090648	tt10059466	1	3
tt10090654	tt10059466	1	4
tt10090662	tt10059466	1	5
tt10090668	tt10059466	1	6
tt10090672	tt10059466	1	7
tt10064162	tt10061400	1	1
tt10064168	tt10061400	1	2
tt10064180	tt10061400	1	3
tt10064252	tt10061400	1	4
tt10064348	tt10061400	1	5
tt10065786	tt10065064	1	1
tt10065798	tt10065064	1	2
tt10065854	tt10065064	1	3
tt10065868	tt10065064	1	4
tt10065886	tt10065064	1	5
tt10079034	tt10065264	1	0
tt10079182	tt10065264	1	1
tt10084846	tt10065264	1	2
tt10084884	tt10065264	1	3
tt10084894	tt10065264	1	4
tt10084936	tt10065264	1	5
tt10084954	tt10065264	1	6
tt10084988	tt10065264	1	7
tt10085068	tt10065264	1	8
tt10085098	tt10065264	1	9
tt10085108	tt10065264	1	10
tt10085124	tt10065264	1	11
tt10085148	tt10065264	1	12
tt10085158	tt10065264	1	13
tt10085242	tt10065264	1	14
tt10085256	tt10065264	1	15
tt10085270	tt10065264	1	16
tt10085280	tt10065264	1	17
tt10085292	tt10065264	1	18
tt10085306	tt10065264	1	19
tt10085322	tt10065264	1	20
tt10069414	tt10065440	1	1
tt10065800	tt10065568	1	1
tt10065810	tt10065568	1	2
tt10065826	tt10065568	1	3
tt10065858	tt10065568	1	4
tt10066576	tt10066456	1	7
tt10066582	tt10066456	1	8
tt10388062	tt10069740	1	16
tt10082418	tt10074050	1	1
tt10079614	tt10074592	1	1
tt10079836	tt10074592	1	2
tt10088238	tt10075504	0	0
tt10088164	tt10075504	3	1
tt10088182	tt10075504	3	2
tt10088198	tt10075504	3	3
tt10088260	tt10075504	3	5
tt10088338	tt10075504	3	6
tt10088370	tt10075504	3	7
tt10088396	tt10075504	3	8
tt10220920	tt10082940	1	8
tt10221002	tt10082940	1	9
tt10221104	tt10082940	1	10
tt10221146	tt10082940	1	11
tt10221196	tt10082940	1	12
tt10221264	tt10082940	1	13
tt10221358	tt10082940	1	14
tt10221454	tt10082940	1	15
tt10221498	tt10082940	1	16
tt10221538	tt10082940	1	17
tt10221588	tt10082940	1	18
tt10221648	tt10082940	1	19
tt10221686	tt10082940	1	20
tt10257402	tt10082940	1	21
tt10257416	tt10082940	1	22
tt10257430	tt10082940	1	23
tt10257444	tt10082940	1	24
tt10257474	tt10082940	1	25
tt10257534	tt10082940	1	26
tt10257580	tt10082940	1	27
tt10257630	tt10082940	1	28
tt10257664	tt10082940	1	29
tt10257696	tt10082940	1	30
tt10094698	tt10090510	1	1
tt10094748	tt10090510	1	2
tt10094774	tt10090510	1	3
tt10091962	tt10091186	1	1
tt10096346	tt10091186	1	2
tt10096470	tt10091186	1	3
tt10100562	tt10091186	1	4
tt10100600	tt10091186	1	5
tt10100956	tt10091186	1	6
tt10118166	tt10092924	1	1
tt10118170	tt10092924	1	2
tt10118180	tt10092924	1	3
tt10118182	tt10092924	1	4
tt10118188	tt10092924	1	5
tt10118190	tt10092924	1	6
tt10118196	tt10092924	1	7
tt10118200	tt10092924	1	8
tt10118202	tt10092924	1	9
tt10118212	tt10092924	1	10
tt10118218	tt10092924	1	11
tt10118220	tt10092924	1	12
tt10118224	tt10092924	1	13
tt10118226	tt10092924	1	14
tt10118232	tt10092924	1	15
tt10095840	tt10095358	0	0
tt10095860	tt10095358	0	0
tt10095884	tt10095358	0	0
tt10095904	tt10095358	0	0
tt10097588	tt10097416	1	1
tt10097590	tt10097416	1	2
tt10097592	tt10097416	1	3
tt10097596	tt10097416	1	4
tt10097602	tt10097416	1	5
tt10097606	tt10097416	1	6
tt10097610	tt10097416	1	7
tt10097612	tt10097416	1	8
tt10097614	tt10097416	1	9
tt10097616	tt10097416	1	11
tt10099158	tt10097952	1	1
tt10099182	tt10097952	1	2
tt10099190	tt10097952	1	3
tt10099216	tt10097952	1	4
tt10099238	tt10097952	1	5
tt10099268	tt10097952	1	6
tt10099284	tt10097952	1	7
tt10099302	tt10097952	1	8
tt10122010	tt10100780	1	2
tt10133630	tt10100780	1	4
tt10113982	tt10101068	2	1
tt10113986	tt10101068	2	2
tt10114018	tt10101068	2	3
tt10114030	tt10101068	2	4
tt10114042	tt10101068	2	5
tt10114054	tt10101068	2	6
tt10114072	tt10101068	2	7
tt10114090	tt10101068	2	8
tt10115392	tt10101068	2	9
tt10115398	tt10101068	2	10
tt10115402	tt10101068	2	11
tt10115412	tt10101068	2	12
tt10115416	tt10101068	2	13
tt10104586	tt10101802	1	1
tt10104610	tt10101802	1	2
tt10104644	tt10101802	1	8
tt10919758	tt10105542	2	1
tt10936822	tt10105542	2	2
tt10936836	tt10105542	2	3
tt10936842	tt10105542	2	4
tt10936846	tt10105542	2	5
tt10936850	tt10105542	2	6
tt10936854	tt10105542	2	7
tt10936858	tt10105542	2	8
tt10936866	tt10105542	2	9
tt10110134	tt10105832	1	1
tt10109906	tt10106006	0	0
tt10109936	tt10106006	0	0
tt10110154	tt10106006	0	0
tt10108204	tt10107884	0	0
tt10108268	tt10107884	0	0
tt10110388	tt10109884	1	1
tt10110428	tt10109884	1	2
tt10243982	tt10109884	1	3
tt10110604	tt10109944	1	1
tt10115712	tt10115364	1	1
tt10119780	tt10115364	1	2
tt10115692	tt10115364	1	3
tt10116090	tt10115364	1	4
tt10116028	tt10115364	1	5
tt10405272	tt10115958	1	1
tt10118778	tt10117396	1	1
tt10118790	tt10117396	1	2
tt10118816	tt10117396	1	3
tt10118836	tt10117396	1	4
tt10118866	tt10117396	1	5
tt10130678	tt10120504	1	1
tt10130698	tt10120504	1	2
tt10130712	tt10120504	1	3
tt10130728	tt10120504	1	4
tt10125772	tt10120950	1	1
tt10122756	tt10121174	1	1
tt10122766	tt10121174	1	2
tt10122768	tt10121174	1	3
tt10122770	tt10121174	1	4
tt10122774	tt10121174	1	5
tt10122778	tt10121174	1	6
tt10122782	tt10121174	1	7
tt10122786	tt10121174	1	8
tt10122788	tt10121174	1	9
tt10122792	tt10121174	1	10
tt10132470	tt10121304	1	1
tt10132474	tt10121304	1	2
tt10132494	tt10121304	1	3
tt10132478	tt10121304	1	4
tt10132518	tt10121304	1	5
tt10132530	tt10121304	1	6
tt10132522	tt10121304	1	7
tt10136682	tt10121642	1	1
tt10136688	tt10121642	1	2
tt10136698	tt10121642	1	3
tt10128240	tt10122402	1	1
tt10795978	tt10122736	1	1
tt10133524	tt10123950	1	1
tt10138318	tt10125814	1	1
tt10127564	tt10127458	1	1
tt10983528	tt10128152	1	1
tt10983574	tt10128152	1	2
tt10983580	tt10128152	1	3
tt10983584	tt10128152	1	4
tt10983582	tt10128152	1	5
tt10983586	tt10128152	1	6
tt10983590	tt10128152	1	7
tt10983592	tt10128152	1	8
tt10983596	tt10128152	1	9
tt10983598	tt10128152	1	10
tt10987848	tt10128152	1	11
tt10987846	tt10128152	1	12
tt10987854	tt10128152	1	13
tt10987852	tt10128152	1	14
tt10987856	tt10128152	1	15
tt10987858	tt10128152	1	16
tt10987860	tt10128152	1	17
tt10987862	tt10128152	1	18
tt10987866	tt10128152	1	19
tt10987864	tt10128152	1	20
tt10992632	tt10128152	1	21
tt10992634	tt10128152	1	22
tt10992636	tt10128152	1	23
tt10992640	tt10128152	1	24
